"caseId","category","date","time","timezone","expectedKin","expectedSealNumber","expectedSealName","expectedToneNumber","expectedToneName","expectedColor","expectedSignature","expectedEarthFamily","expectedOracle","expectedWaveSpell","expectedCastle","expectedHarmonic","expectedEngineStatus","expectedWarningCodes","expectedValidationErrorCodes","sourceIds","evidenceCount","validationPhase","validationStatus","differenceType","notes"
"CASE-001","common_date","1901-01-15","","","172","12","Humano","3","Eletrico","Amarelo","Amarelo Eletrico Humano","","","","","","","","","SOURCE-004;SOURCE-007","2","A2","externally_validated","TRANSLATION_DIFFERENCE","Two accepted Dreamspell calculators agree on Kin, seal, tone and color. English names were normalized to the Drive Astral Portuguese convention. Unconfirmed derived fields remain null."
"CASE-002","common_date","1905-02-10","","","98","18","Espelho","7","Ressonante","Branco","Branco Ressonante Espelho","","","","","","","","","SOURCE-004;SOURCE-007","2","A2","externally_validated","TRANSLATION_DIFFERENCE","Two accepted Dreamspell calculators agree on Kin, seal, tone and color. English names were normalized to the Drive Astral Portuguese convention. Unconfirmed derived fields remain null."
"CASE-003","common_date","1910-03-12","","","133","13","Caminhante do Ceu","3","Eletrico","Vermelho","Vermelho Eletrico Caminhante do Ceu","","","","","","","","","SOURCE-004;SOURCE-007","2","A2","externally_validated","TRANSLATION_DIFFERENCE","Two accepted Dreamspell calculators agree on Kin, seal, tone and color. English names were normalized to the Drive Astral Portuguese convention. Unconfirmed derived fields remain null."
"CASE-004","common_date","1915-04-18","","","175","15","Aguia","6","Ritmico","Azul","Azul Ritmico Aguia","","","","","","","","","SOURCE-004;SOURCE-007","2","A2","externally_validated","TRANSLATION_DIFFERENCE","Two accepted Dreamspell calculators agree on Kin, seal, tone and color. English names were normalized to the Drive Astral Portuguese convention. Unconfirmed derived fields remain null."
"CASE-005","common_date","1921-05-09","","","46","6","Enlacador de Mundos","7","Ressonante","Branco","Branco Ressonante Enlacador de Mundos","","","","","","","","","SOURCE-004;SOURCE-007","2","A2","externally_validated","TRANSLATION_DIFFERENCE","Two accepted Dreamspell calculators agree on Kin, seal, tone and color. English names were normalized to the Drive Astral Portuguese convention. Unconfirmed derived fields remain null."
"CASE-006","common_date","1926-06-14","","","87","7","Mao","9","Solar","Azul","Azul Solar Mao","","","","","","","","","SOURCE-004;SOURCE-007","2","A2","externally_validated","TRANSLATION_DIFFERENCE","Two accepted Dreamspell calculators agree on Kin, seal, tone and color. English names were normalized to the Drive Astral Portuguese convention. Unconfirmed derived fields remain null."
"CASE-007","common_date","1930-07-22","","","25","5","Serpente","12","Cristal","Vermelho","Vermelho Cristal Serpente","","","","","","","","","SOURCE-004;SOURCE-007","2","A2","externally_validated","TRANSLATION_DIFFERENCE","Two accepted Dreamspell calculators agree on Kin, seal, tone and color. English names were normalized to the Drive Astral Portuguese convention. Unconfirmed derived fields remain null."
"CASE-008","common_date","1935-08-11","","","50","10","Cachorro","11","Espectral","Branco","Branco Espectral Cachorro","","","","","","","","","SOURCE-004;SOURCE-007","2","A2","externally_validated","TRANSLATION_DIFFERENCE","Two accepted Dreamspell calculators agree on Kin, seal, tone and color. English names were normalized to the Drive Astral Portuguese convention. Unconfirmed derived fields remain null."
"CASE-009","common_date","1941-09-17","","","197","17","Terra","2","Lunar","Vermelho","Vermelho Lunar Terra","","","","","","","","","SOURCE-004;SOURCE-007","2","A2","externally_validated","TRANSLATION_DIFFERENCE","Two accepted Dreamspell calculators agree on Kin, seal, tone and color. English names were normalized to the Drive Astral Portuguese convention. Unconfirmed derived fields remain null."
"CASE-010","common_date","1946-10-23","","","238","18","Espelho","4","Autoexistente","Branco","Branco Autoexistente Espelho","","","","","","","","","SOURCE-004;SOURCE-007","2","A2","externally_validated","TRANSLATION_DIFFERENCE","Two accepted Dreamspell calculators agree on Kin, seal, tone and color. English names were normalized to the Drive Astral Portuguese convention. Unconfirmed derived fields remain null."
"CASE-011","common_date","1952-11-08","","","104","4","Semente","13","Cosmico","Amarelo","Amarelo Cosmico Semente","","","","","","","","","SOURCE-004;SOURCE-007","2","A2","externally_validated","TRANSLATION_DIFFERENCE","Two accepted Dreamspell calculators agree on Kin, seal, tone and color. English names were normalized to the Drive Astral Portuguese convention. Unconfirmed derived fields remain null."
"CASE-012","common_date","1957-12-19","","","150","10","Cachorro","7","Ressonante","Branco","Branco Ressonante Cachorro","","","","","","","","","SOURCE-004;SOURCE-007","2","A2","externally_validated","TRANSLATION_DIFFERENCE","Two accepted Dreamspell calculators agree on Kin, seal, tone and color. English names were normalized to the Drive Astral Portuguese convention. Unconfirmed derived fields remain null."
"CASE-013","common_date","1961-01-24","","","241","1","Dragao","7","Ressonante","Vermelho","Vermelho Ressonante Dragao","","","","","","","","","SOURCE-004;SOURCE-007","2","A2","externally_validated","TRANSLATION_DIFFERENCE","Two accepted Dreamspell calculators agree on Kin, seal, tone and color. English names were normalized to the Drive Astral Portuguese convention. Unconfirmed derived fields remain null."
"CASE-014","common_date","1966-02-13","","","6","6","Enlacador de Mundos","6","Ritmico","Branco","Branco Ritmico Enlacador de Mundos","","","","","","","","","SOURCE-004;SOURCE-007","2","A2","externally_validated","TRANSLATION_DIFFERENCE","Two accepted Dreamspell calculators agree on Kin, seal, tone and color. English names were normalized to the Drive Astral Portuguese convention. Unconfirmed derived fields remain null."
"CASE-015","common_date","1970-03-20","","","201","1","Dragao","6","Ritmico","Vermelho","Vermelho Ritmico Dragao","","","","","","","","","SOURCE-004;SOURCE-007","2","A2","externally_validated","TRANSLATION_DIFFERENCE","Two accepted Dreamspell calculators agree on Kin, seal, tone and color. English names were normalized to the Drive Astral Portuguese convention. Unconfirmed derived fields remain null."
"CASE-016","common_date","1975-04-16","","","233","13","Caminhante do Ceu","12","Cristal","Vermelho","Vermelho Cristal Caminhante do Ceu","","","","","","","","","SOURCE-004;SOURCE-007","2","A2","externally_validated","TRANSLATION_DIFFERENCE","Two accepted Dreamspell calculators agree on Kin, seal, tone and color. English names were normalized to the Drive Astral Portuguese convention. Unconfirmed derived fields remain null."
"CASE-017","common_date","1981-05-27","","","124","4","Semente","7","Ressonante","Amarelo","Amarelo Ressonante Semente","","","","","","","","","SOURCE-004;SOURCE-007","2","A2","externally_validated","TRANSLATION_DIFFERENCE","Two accepted Dreamspell calculators agree on Kin, seal, tone and color. English names were normalized to the Drive Astral Portuguese convention. Unconfirmed derived fields remain null."
"CASE-018","common_date","1986-06-06","","","139","19","Tormenta","9","Solar","Azul","Azul Solar Tormenta","","","","","","","","","SOURCE-004;SOURCE-007","2","A2","externally_validated","TRANSLATION_DIFFERENCE","Two accepted Dreamspell calculators agree on Kin, seal, tone and color. English names were normalized to the Drive Astral Portuguese convention. Unconfirmed derived fields remain null."
"CASE-019","common_date","1990-07-19","","","82","2","Vento","4","Autoexistente","Branco","Branco Autoexistente Vento","","","","","","","","","SOURCE-004;SOURCE-007","2","A2","externally_validated","TRANSLATION_DIFFERENCE","Two accepted Dreamspell calculators agree on Kin, seal, tone and color. English names were normalized to the Drive Astral Portuguese convention. Unconfirmed derived fields remain null."
"CASE-020","common_date","1995-08-25","","","124","4","Semente","7","Ressonante","Amarelo","Amarelo Ressonante Semente","","","","","","","","","SOURCE-004;SOURCE-007","2","A2","externally_validated","TRANSLATION_DIFFERENCE","Two accepted Dreamspell calculators agree on Kin, seal, tone and color. English names were normalized to the Drive Astral Portuguese convention. Unconfirmed derived fields remain null."
"CASE-021","common_date","2001-09-14","","","254","14","Mago","7","Ressonante","Branco","Branco Ressonante Mago","","","","","","","","","SOURCE-004;SOURCE-007","2","A2","externally_validated","TRANSLATION_DIFFERENCE","Two accepted Dreamspell calculators agree on Kin, seal, tone and color. English names were normalized to the Drive Astral Portuguese convention. Unconfirmed derived fields remain null."
"CASE-022","common_date","2006-10-07","","","22","2","Vento","9","Solar","Branco","Branco Solar Vento","","","","","","","","","SOURCE-004;SOURCE-007","2","A2","externally_validated","TRANSLATION_DIFFERENCE","Two accepted Dreamspell calculators agree on Kin, seal, tone and color. English names were normalized to the Drive Astral Portuguese convention. Unconfirmed derived fields remain null."
"CASE-023","common_date","2010-11-22","","","228","8","Estrela","7","Ressonante","Amarelo","Amarelo Ressonante Estrela","","","","","","","","","SOURCE-004;SOURCE-007","2","A2","externally_validated","TRANSLATION_DIFFERENCE","Two accepted Dreamspell calculators agree on Kin, seal, tone and color. English names were normalized to the Drive Astral Portuguese convention. Unconfirmed derived fields remain null."
"CASE-024","common_date","2014-12-03","","","139","19","Tormenta","9","Solar","Azul","Azul Solar Tormenta","","","","","","","","","SOURCE-004;SOURCE-007","2","A2","externally_validated","TRANSLATION_DIFFERENCE","Two accepted Dreamspell calculators agree on Kin, seal, tone and color. English names were normalized to the Drive Astral Portuguese convention. Unconfirmed derived fields remain null."
"CASE-025","common_date","2018-01-28","","","250","10","Cachorro","3","Eletrico","Branco","Branco Eletrico Cachorro","","","","","","","","","SOURCE-004;SOURCE-007","2","A2","externally_validated","TRANSLATION_DIFFERENCE","Two accepted Dreamspell calculators agree on Kin, seal, tone and color. English names were normalized to the Drive Astral Portuguese convention. Unconfirmed derived fields remain null."
"CASE-026","common_date","2022-02-17","","","170","10","Cachorro","1","Magnetico","Branco","Branco Magnetico Cachorro","","","","","","","","","SOURCE-004;SOURCE-007","2","A2","externally_validated","TRANSLATION_DIFFERENCE","Two accepted Dreamspell calculators agree on Kin, seal, tone and color. English names were normalized to the Drive Astral Portuguese convention. Unconfirmed derived fields remain null."
"CASE-027","common_date","2026-03-15","","","96","16","Guerreiro","5","Entonado","Amarelo","Amarelo Entonado Guerreiro","","","","","","","","","SOURCE-004;SOURCE-007","2","A2","externally_validated","TRANSLATION_DIFFERENCE","Two accepted Dreamspell calculators agree on Kin, seal, tone and color. English names were normalized to the Drive Astral Portuguese convention. Unconfirmed derived fields remain null."
"CASE-028","common_date","2030-04-09","","","21","1","Dragao","8","Galactico","Vermelho","Vermelho Galactico Dragao","","","","","","","","","SOURCE-004;SOURCE-007","2","A2","externally_validated","TRANSLATION_DIFFERENCE","Two accepted Dreamspell calculators agree on Kin, seal, tone and color. English names were normalized to the Drive Astral Portuguese convention. Unconfirmed derived fields remain null."
"CASE-029","common_date","2034-05-26","","","228","8","Estrela","7","Ressonante","Amarelo","Amarelo Ressonante Estrela","","","","","","","","","SOURCE-004;SOURCE-007","2","A2","externally_validated","TRANSLATION_DIFFERENCE","Two accepted Dreamspell calculators agree on Kin, seal, tone and color. English names were normalized to the Drive Astral Portuguese convention. Unconfirmed derived fields remain null."
"CASE-030","common_date","2038-06-12","","","145","5","Serpente","2","Lunar","Vermelho","Vermelho Lunar Serpente","","","","","","","","","SOURCE-004;SOURCE-007","2","A2","externally_validated","TRANSLATION_DIFFERENCE","Two accepted Dreamspell calculators agree on Kin, seal, tone and color. English names were normalized to the Drive Astral Portuguese convention. Unconfirmed derived fields remain null."
"CASE-031","common_date","1943-01-07","","","154","14","Mago","11","Espectral","Branco","Branco Espectral Mago","","","","","","","","","SOURCE-004;SOURCE-007","2","A2","externally_validated","TRANSLATION_DIFFERENCE","Two accepted Dreamspell calculators agree on Kin, seal, tone and color. English names were normalized to the Drive Astral Portuguese convention. Unconfirmed derived fields remain null."
"CASE-032","common_date","1954-02-21","","","54","14","Mago","2","Lunar","Branco","Branco Lunar Mago","","","","","","","","","SOURCE-004;SOURCE-007","2","A2","externally_validated","TRANSLATION_DIFFERENCE","Two accepted Dreamspell calculators agree on Kin, seal, tone and color. English names were normalized to the Drive Astral Portuguese convention. Unconfirmed derived fields remain null."
"CASE-033","common_date","1963-03-30","","","256","16","Guerreiro","9","Solar","Amarelo","Amarelo Solar Guerreiro","","","","","","","","","SOURCE-004;SOURCE-007","2","A2","externally_validated","TRANSLATION_DIFFERENCE","Two accepted Dreamspell calculators agree on Kin, seal, tone and color. English names were normalized to the Drive Astral Portuguese convention. Unconfirmed derived fields remain null."
"CASE-034","common_date","1977-04-08","","","175","15","Aguia","6","Ritmico","Azul","Azul Ritmico Aguia","","","","","","","","","SOURCE-004;SOURCE-007","2","A2","externally_validated","TRANSLATION_DIFFERENCE","Two accepted Dreamspell calculators agree on Kin, seal, tone and color. English names were normalized to the Drive Astral Portuguese convention. Unconfirmed derived fields remain null."
"CASE-035","common_date","1989-05-16","","","173","13","Caminhante do Ceu","4","Autoexistente","Vermelho","Vermelho Autoexistente Caminhante do Ceu","","","","","","","","","SOURCE-004;SOURCE-007","2","A2","externally_validated","TRANSLATION_DIFFERENCE","Two accepted Dreamspell calculators agree on Kin, seal, tone and color. English names were normalized to the Drive Astral Portuguese convention. Unconfirmed derived fields remain null."
"CASE-036","common_date","1993-06-24","","","112","12","Humano","8","Galactico","Amarelo","Amarelo Galactico Humano","","","","","","","","","SOURCE-004;SOURCE-007","2","A2","externally_validated","TRANSLATION_DIFFERENCE","Two accepted Dreamspell calculators agree on Kin, seal, tone and color. English names were normalized to the Drive Astral Portuguese convention. Unconfirmed derived fields remain null."
"CASE-037","common_date","1998-07-13","","","136","16","Guerreiro","6","Ritmico","Amarelo","Amarelo Ritmico Guerreiro","","","","","","","","","SOURCE-004;SOURCE-007","2","A2","externally_validated","TRANSLATION_DIFFERENCE","Two accepted Dreamspell calculators agree on Kin, seal, tone and color. English names were normalized to the Drive Astral Portuguese convention. Unconfirmed derived fields remain null."
"CASE-038","common_date","2002-08-29","","","83","3","Noite","5","Entonado","Azul","Azul Entonado Noite","","","","","","","","","SOURCE-004;SOURCE-007","2","A2","externally_validated","TRANSLATION_DIFFERENCE","Two accepted Dreamspell calculators agree on Kin, seal, tone and color. English names were normalized to the Drive Astral Portuguese convention. Unconfirmed derived fields remain null."
"CASE-039","common_date","2009-09-05","","","45","5","Serpente","6","Ritmico","Vermelho","Vermelho Ritmico Serpente","","","","","","","","","SOURCE-004;SOURCE-007","2","A2","externally_validated","TRANSLATION_DIFFERENCE","Two accepted Dreamspell calculators agree on Kin, seal, tone and color. English names were normalized to the Drive Astral Portuguese convention. Unconfirmed derived fields remain null."
"CASE-040","common_date","2013-10-18","","","248","8","Estrela","1","Magnetico","Amarelo","Amarelo Magnetico Estrela","","","","","","","","","SOURCE-004;SOURCE-007","2","A2","externally_validated","TRANSLATION_DIFFERENCE","Two accepted Dreamspell calculators agree on Kin, seal, tone and color. English names were normalized to the Drive Astral Portuguese convention. Unconfirmed derived fields remain null."
"CASE-041","common_date","2017-11-26","","","187","7","Mao","5","Entonado","Azul","Azul Entonado Mao","","","","","","","","","SOURCE-004;SOURCE-007","2","A2","externally_validated","TRANSLATION_DIFFERENCE","Two accepted Dreamspell calculators agree on Kin, seal, tone and color. English names were normalized to the Drive Astral Portuguese convention. Unconfirmed derived fields remain null."
"CASE-042","common_date","2021-12-11","","","102","2","Vento","11","Espectral","Branco","Branco Espectral Vento","","","","","","","","","SOURCE-004;SOURCE-007","2","A2","externally_validated","TRANSLATION_DIFFERENCE","Two accepted Dreamspell calculators agree on Kin, seal, tone and color. English names were normalized to the Drive Astral Portuguese convention. Unconfirmed derived fields remain null."
"CASE-043","common_date","2027-01-09","","","136","16","Guerreiro","6","Ritmico","Amarelo","Amarelo Ritmico Guerreiro","","","","","","","","","SOURCE-004;SOURCE-007","2","A2","externally_validated","TRANSLATION_DIFFERENCE","Two accepted Dreamspell calculators agree on Kin, seal, tone and color. English names were normalized to the Drive Astral Portuguese convention. Unconfirmed derived fields remain null."
"CASE-044","common_date","2033-02-14","","","22","2","Vento","9","Solar","Branco","Branco Solar Vento","","","","","","","","","SOURCE-004;SOURCE-007","2","A2","externally_validated","TRANSLATION_DIFFERENCE","Two accepted Dreamspell calculators agree on Kin, seal, tone and color. English names were normalized to the Drive Astral Portuguese convention. Unconfirmed derived fields remain null."
"CASE-045","common_date","2039-03-23","","","169","9","Lua","13","Cosmico","Vermelho","Vermelho Cosmico Lua","","","","","","","","","SOURCE-004;SOURCE-007","2","A2","externally_validated","TRANSLATION_DIFFERENCE","Two accepted Dreamspell calculators agree on Kin, seal, tone and color. English names were normalized to the Drive Astral Portuguese convention. Unconfirmed derived fields remain null."
"CASE-046","common_date","1912-04-27","","","129","9","Lua","12","Cristal","Vermelho","Vermelho Cristal Lua","","","","","","","","","SOURCE-004;SOURCE-007","2","A2","externally_validated","TRANSLATION_DIFFERENCE","Two accepted Dreamspell calculators agree on Kin, seal, tone and color. English names were normalized to the Drive Astral Portuguese convention. Unconfirmed derived fields remain null."
"CASE-047","common_date","1929-05-20","","","117","17","Terra","13","Cosmico","Vermelho","Vermelho Cosmico Terra","","","","","","","","","SOURCE-004;SOURCE-007","2","A2","externally_validated","TRANSLATION_DIFFERENCE","Two accepted Dreamspell calculators agree on Kin, seal, tone and color. English names were normalized to the Drive Astral Portuguese convention. Unconfirmed derived fields remain null."
"CASE-048","common_date","1947-06-02","","","200","20","Sol","5","Entonado","Amarelo","Amarelo Entonado Sol","","","","","","","","","SOURCE-004;SOURCE-007","2","A2","externally_validated","TRANSLATION_DIFFERENCE","Two accepted Dreamspell calculators agree on Kin, seal, tone and color. English names were normalized to the Drive Astral Portuguese convention. Unconfirmed derived fields remain null."
"CASE-049","common_date","1958-07-15","","","98","18","Espelho","7","Ressonante","Branco","Branco Ressonante Espelho","","","","","","","","","SOURCE-004;SOURCE-007","2","A2","externally_validated","TRANSLATION_DIFFERENCE","Two accepted Dreamspell calculators agree on Kin, seal, tone and color. English names were normalized to the Drive Astral Portuguese convention. Unconfirmed derived fields remain null."
"CASE-050","common_date","1969-08-28","","","257","17","Terra","10","Planetario","Vermelho","Vermelho Planetario Terra","","","","","","","","","SOURCE-004;SOURCE-007","2","A2","externally_validated","TRANSLATION_DIFFERENCE","Two accepted Dreamspell calculators agree on Kin, seal, tone and color. English names were normalized to the Drive Astral Portuguese convention. Unconfirmed derived fields remain null."
"CASE-051","common_date","1979-09-03","","","13","13","Caminhante do Ceu","13","Cosmico","Vermelho","Vermelho Cosmico Caminhante do Ceu","","","","","","","","","SOURCE-004;SOURCE-007","2","A2","externally_validated","TRANSLATION_DIFFERENCE","Two accepted Dreamspell calculators agree on Kin, seal, tone and color. English names were normalized to the Drive Astral Portuguese convention. Unconfirmed derived fields remain null."
"CASE-052","common_date","1984-10-19","","","64","4","Semente","12","Cristal","Amarelo","Amarelo Cristal Semente","","","","","","","","","SOURCE-004;SOURCE-007","2","A2","externally_validated","TRANSLATION_DIFFERENCE","Two accepted Dreamspell calculators agree on Kin, seal, tone and color. English names were normalized to the Drive Astral Portuguese convention. Unconfirmed derived fields remain null."
"CASE-053","common_date","1997-11-07","","","148","8","Estrela","5","Entonado","Amarelo","Amarelo Entonado Estrela","","","","","","","","","SOURCE-004;SOURCE-007","2","A2","externally_validated","TRANSLATION_DIFFERENCE","Two accepted Dreamspell calculators agree on Kin, seal, tone and color. English names were normalized to the Drive Astral Portuguese convention. Unconfirmed derived fields remain null."
"CASE-054","common_date","2003-12-22","","","43","3","Noite","4","Autoexistente","Azul","Azul Autoexistente Noite","","","","","","","","","SOURCE-004;SOURCE-007","2","A2","externally_validated","TRANSLATION_DIFFERENCE","Two accepted Dreamspell calculators agree on Kin, seal, tone and color. English names were normalized to the Drive Astral Portuguese convention. Unconfirmed derived fields remain null."
"CASE-055","common_date","2008-01-13","","","225","5","Serpente","4","Autoexistente","Vermelho","Vermelho Autoexistente Serpente","","","","","","","","","SOURCE-004;SOURCE-007","2","A2","externally_validated","TRANSLATION_DIFFERENCE","Two accepted Dreamspell calculators agree on Kin, seal, tone and color. English names were normalized to the Drive Astral Portuguese convention. Unconfirmed derived fields remain null."
"CASE-056","common_date","2011-02-25","","","63","3","Noite","11","Espectral","Azul","Azul Espectral Noite","","","","","","","","","SOURCE-004;SOURCE-007","2","A2","externally_validated","TRANSLATION_DIFFERENCE","Two accepted Dreamspell calculators agree on Kin, seal, tone and color. English names were normalized to the Drive Astral Portuguese convention. Unconfirmed derived fields remain null."
"CASE-057","common_date","2016-03-18","","","89","9","Lua","11","Espectral","Vermelho","Vermelho Espectral Lua","","","","","","","","","SOURCE-004;SOURCE-007","2","A2","externally_validated","TRANSLATION_DIFFERENCE","Two accepted Dreamspell calculators agree on Kin, seal, tone and color. English names were normalized to the Drive Astral Portuguese convention. Unconfirmed derived fields remain null."
"CASE-058","common_date","2019-04-24","","","181","1","Dragao","12","Cristal","Vermelho","Vermelho Cristal Dragao","","","","","","","","","SOURCE-004;SOURCE-007","2","A2","externally_validated","TRANSLATION_DIFFERENCE","Two accepted Dreamspell calculators agree on Kin, seal, tone and color. English names were normalized to the Drive Astral Portuguese convention. Unconfirmed derived fields remain null."
"CASE-059","common_date","2028-05-11","","","103","3","Noite","12","Cristal","Azul","Azul Cristal Noite","","","","","","","","","SOURCE-004;SOURCE-007","2","A2","externally_validated","TRANSLATION_DIFFERENCE","Two accepted Dreamspell calculators agree on Kin, seal, tone and color. English names were normalized to the Drive Astral Portuguese convention. Unconfirmed derived fields remain null."
"CASE-060","common_date","1982-12-10","","","166","6","Enlacador de Mundos","10","Planetario","Branco","Branco Planetario Enlacador de Mundos","","","","","","calculado","","","SOURCE-004;SOURCE-007","2","A1","externally_validated","TRANSLATION_DIFFERENCE","Two independent Dreamspell calculators agree on Kin, seal, tone and color. English names were normalized to the project's Portuguese vocabulary."
"CASE-061","month_boundary","1910-01-31","","","93","13","Caminhante do Ceu","2","Lunar","Vermelho","Vermelho Lunar Caminhante do Ceu","","","","","","","","","SOURCE-004;SOURCE-007","2","A2","externally_validated","TRANSLATION_DIFFERENCE","Two accepted Dreamspell calculators agree on Kin, seal, tone and color. English names were normalized to the Drive Astral Portuguese convention. Unconfirmed derived fields remain null."
"CASE-062","month_boundary","1925-04-01","","","168","8","Estrela","12","Cristal","Amarelo","Amarelo Cristal Estrela","","","","","","","","","SOURCE-004;SOURCE-007","2","A2","externally_validated","TRANSLATION_DIFFERENCE","Two accepted Dreamspell calculators agree on Kin, seal, tone and color. English names were normalized to the Drive Astral Portuguese convention. Unconfirmed derived fields remain null."
"CASE-063","month_boundary","1937-06-30","","","218","18","Espelho","10","Planetario","Branco","Branco Planetario Espelho","","","","","","","","","SOURCE-004;SOURCE-007","2","A2","externally_validated","TRANSLATION_DIFFERENCE","Two accepted Dreamspell calculators agree on Kin, seal, tone and color. English names were normalized to the Drive Astral Portuguese convention. Unconfirmed derived fields remain null."
"CASE-064","month_boundary","1948-09-01","","","136","16","Guerreiro","6","Ritmico","Amarelo","Amarelo Ritmico Guerreiro","","","","","","","","","SOURCE-004;SOURCE-007","2","A2","externally_validated","TRANSLATION_DIFFERENCE","Two accepted Dreamspell calculators agree on Kin, seal, tone and color. English names were normalized to the Drive Astral Portuguese convention. Unconfirmed derived fields remain null."
"CASE-065","month_boundary","1959-11-30","","","81","1","Dragao","3","Eletrico","Vermelho","Vermelho Eletrico Dragao","","","","","","","","","SOURCE-004;SOURCE-007","2","A2","externally_validated","TRANSLATION_DIFFERENCE","Two accepted Dreamspell calculators agree on Kin, seal, tone and color. English names were normalized to the Drive Astral Portuguese convention. Unconfirmed derived fields remain null."
"CASE-066","month_boundary","1971-05-01","","","88","8","Estrela","10","Planetario","Amarelo","Amarelo Planetario Estrela","","","","","","","","","SOURCE-004;SOURCE-007","2","A2","externally_validated","TRANSLATION_DIFFERENCE","Two accepted Dreamspell calculators agree on Kin, seal, tone and color. English names were normalized to the Drive Astral Portuguese convention. Unconfirmed derived fields remain null."
"CASE-067","month_boundary","1983-08-31","","","170","10","Cachorro","1","Magnetico","Branco","Branco Magnetico Cachorro","","","","","","","","","SOURCE-004;SOURCE-007","2","A2","externally_validated","TRANSLATION_DIFFERENCE","Two accepted Dreamspell calculators agree on Kin, seal, tone and color. English names were normalized to the Drive Astral Portuguese convention. Unconfirmed derived fields remain null."
"CASE-068","month_boundary","1994-10-01","","","56","16","Guerreiro","4","Autoexistente","Amarelo","Amarelo Autoexistente Guerreiro","","","","","","","","","SOURCE-004;SOURCE-007","2","A2","externally_validated","TRANSLATION_DIFFERENCE","Two accepted Dreamspell calculators agree on Kin, seal, tone and color. English names were normalized to the Drive Astral Portuguese convention. Unconfirmed derived fields remain null."
"CASE-069","month_boundary","2007-04-30","","","227","7","Mao","6","Ritmico","Azul","Azul Ritmico Mao","","","","","","","","","SOURCE-004;SOURCE-007","2","A2","externally_validated","TRANSLATION_DIFFERENCE","Two accepted Dreamspell calculators agree on Kin, seal, tone and color. English names were normalized to the Drive Astral Portuguese convention. Unconfirmed derived fields remain null."
"CASE-070","month_boundary","2015-07-01","","","89","9","Lua","11","Espectral","Vermelho","Vermelho Espectral Lua","","","","","","","","","SOURCE-004;SOURCE-007","2","A2","externally_validated","TRANSLATION_DIFFERENCE","Two accepted Dreamspell calculators agree on Kin, seal, tone and color. English names were normalized to the Drive Astral Portuguese convention. Unconfirmed derived fields remain null."
"CASE-071","month_boundary","2023-09-30","","","240","20","Sol","6","Ritmico","Amarelo","Amarelo Ritmico Sol","","","","","","","","","SOURCE-004;SOURCE-007","2","A2","externally_validated","TRANSLATION_DIFFERENCE","Two accepted Dreamspell calculators agree on Kin, seal, tone and color. English names were normalized to the Drive Astral Portuguese convention. Unconfirmed derived fields remain null."
"CASE-072","month_boundary","2031-12-01","","","102","2","Vento","11","Espectral","Branco","Branco Espectral Vento","","","","","","","","","SOURCE-004;SOURCE-007","2","A2","externally_validated","TRANSLATION_DIFFERENCE","Two accepted Dreamspell calculators agree on Kin, seal, tone and color. English names were normalized to the Drive Astral Portuguese convention. Unconfirmed derived fields remain null."
"CASE-073","year_boundary","1950-12-31","","","207","7","Mao","12","Cristal","Azul","Azul Cristal Mao","","","","","","","","","SOURCE-004;SOURCE-007","2","A2","externally_validated","TRANSLATION_DIFFERENCE","Two accepted Dreamspell calculators agree on Kin, seal, tone and color. English names were normalized to the Drive Astral Portuguese convention. Unconfirmed derived fields remain null."
"CASE-074","year_boundary","1951-01-01","","","208","8","Estrela","13","Cosmico","Amarelo","Amarelo Cosmico Estrela","","","","","","","","","SOURCE-004;SOURCE-007","2","A2","externally_validated","TRANSLATION_DIFFERENCE","Two accepted Dreamspell calculators agree on Kin, seal, tone and color. English names were normalized to the Drive Astral Portuguese convention. Unconfirmed derived fields remain null."
"CASE-075","year_boundary","1999-12-31","","","152","12","Humano","9","Solar","Amarelo","Amarelo Solar Humano","","","","","","","","","SOURCE-004;SOURCE-007","2","A2","externally_validated","TRANSLATION_DIFFERENCE","Two accepted Dreamspell calculators agree on Kin, seal, tone and color. English names were normalized to the Drive Astral Portuguese convention. Unconfirmed derived fields remain null."
"CASE-076","year_boundary","2000-01-01","","","153","13","Caminhante do Ceu","10","Planetario","Vermelho","Vermelho Planetario Caminhante do Ceu","","","","","","","","","SOURCE-004;SOURCE-007","2","A2","externally_validated","TRANSLATION_DIFFERENCE","Two accepted Dreamspell calculators agree on Kin, seal, tone and color. English names were normalized to the Drive Astral Portuguese convention. Unconfirmed derived fields remain null."
"CASE-077","year_boundary","2025-12-31","","","22","2","Vento","9","Solar","Branco","Branco Solar Vento","","","","","","","","","SOURCE-004;SOURCE-007","2","A2","externally_validated","TRANSLATION_DIFFERENCE","Two accepted Dreamspell calculators agree on Kin, seal, tone and color. English names were normalized to the Drive Astral Portuguese convention. Unconfirmed derived fields remain null."
"CASE-078","year_boundary","2026-01-01","","","23","3","Noite","10","Planetario","Azul","Azul Planetario Noite","","","","","","","","","SOURCE-004;SOURCE-007","2","A2","externally_validated","TRANSLATION_DIFFERENCE","Two accepted Dreamspell calculators agree on Kin, seal, tone and color. English names were normalized to the Drive Astral Portuguese convention. Unconfirmed derived fields remain null."
"CASE-079","year_boundary","2029-12-31","","","182","2","Vento","13","Cosmico","Branco","Branco Cosmico Vento","","","","","","","","","SOURCE-004;SOURCE-007","2","A2","externally_validated","TRANSLATION_DIFFERENCE","Two accepted Dreamspell calculators agree on Kin, seal, tone and color. English names were normalized to the Drive Astral Portuguese convention. Unconfirmed derived fields remain null."
"CASE-080","year_boundary","2030-01-01","","","183","3","Noite","1","Magnetico","Azul","Azul Magnetico Noite","","","","","","","","","SOURCE-004;SOURCE-007","2","A2","externally_validated","TRANSLATION_DIFFERENCE","Two accepted Dreamspell calculators agree on Kin, seal, tone and color. English names were normalized to the Drive Astral Portuguese convention. Unconfirmed derived fields remain null."
"CASE-081","leap_year","1920-06-15","","","238","18","Espelho","4","Autoexistente","Branco","Branco Autoexistente Espelho","","","","","","","","","SOURCE-004;SOURCE-007","2","A2","externally_validated","TRANSLATION_DIFFERENCE","Two accepted Dreamspell calculators agree on Kin, seal, tone and color. English names were normalized to the Drive Astral Portuguese convention. Unconfirmed derived fields remain null."
"CASE-082","leap_year","1940-07-10","","","23","3","Noite","10","Planetario","Azul","Azul Planetario Noite","","","","","","","","","SOURCE-004;SOURCE-007","2","A2","externally_validated","TRANSLATION_DIFFERENCE","Two accepted Dreamspell calculators agree on Kin, seal, tone and color. English names were normalized to the Drive Astral Portuguese convention. Unconfirmed derived fields remain null."
"CASE-083","leap_year","1960-08-20","","","84","4","Semente","6","Ritmico","Amarelo","Amarelo Ritmico Semente","","","","","","","","","SOURCE-004;SOURCE-007","2","A2","externally_validated","TRANSLATION_DIFFERENCE","Two accepted Dreamspell calculators agree on Kin, seal, tone and color. English names were normalized to the Drive Astral Portuguese convention. Unconfirmed derived fields remain null."
"CASE-084","leap_year","1972-09-05","","","60","20","Sol","8","Galactico","Amarelo","Amarelo Galactico Sol","","","","","","","","","SOURCE-004;SOURCE-007","2","A2","externally_validated","TRANSLATION_DIFFERENCE","Two accepted Dreamspell calculators agree on Kin, seal, tone and color. English names were normalized to the Drive Astral Portuguese convention. Unconfirmed derived fields remain null."
"CASE-085","leap_year","1980-10-12","","","157","17","Terra","1","Magnetico","Vermelho","Vermelho Magnetico Terra","","","","","","","","","SOURCE-004;SOURCE-007","2","A2","externally_validated","TRANSLATION_DIFFERENCE","Two accepted Dreamspell calculators agree on Kin, seal, tone and color. English names were normalized to the Drive Astral Portuguese convention. Unconfirmed derived fields remain null."
"CASE-086","leap_year","1992-11-18","","","154","14","Mago","11","Espectral","Branco","Branco Espectral Mago","","","","","","","","","SOURCE-004;SOURCE-007","2","A2","externally_validated","TRANSLATION_DIFFERENCE","Two accepted Dreamspell calculators agree on Kin, seal, tone and color. English names were normalized to the Drive Astral Portuguese convention. Unconfirmed derived fields remain null."
"CASE-087","leap_year","2004-04-04","","","146","6","Enlacador de Mundos","3","Eletrico","Branco","Branco Eletrico Enlacador de Mundos","","","","","","","","","SOURCE-004;SOURCE-007","2","A2","externally_validated","TRANSLATION_DIFFERENCE","Two accepted Dreamspell calculators agree on Kin, seal, tone and color. English names were normalized to the Drive Astral Portuguese convention. Unconfirmed derived fields remain null."
"CASE-088","leap_year","2012-05-21","","","253","13","Caminhante do Ceu","6","Ritmico","Vermelho","Vermelho Ritmico Caminhante do Ceu","","","","","","","","","SOURCE-004;SOURCE-007","2","A2","externally_validated","TRANSLATION_DIFFERENCE","Two accepted Dreamspell calculators agree on Kin, seal, tone and color. English names were normalized to the Drive Astral Portuguese convention. Unconfirmed derived fields remain null."
"CASE-089","leap_year","2020-06-30","","","93","13","Caminhante do Ceu","2","Lunar","Vermelho","Vermelho Lunar Caminhante do Ceu","","","","","","","","","SOURCE-004;SOURCE-007","2","A2","externally_validated","TRANSLATION_DIFFERENCE","Two accepted Dreamspell calculators agree on Kin, seal, tone and color. English names were normalized to the Drive Astral Portuguese convention. Unconfirmed derived fields remain null."
"CASE-090","leap_year","2032-08-08","","","92","12","Humano","1","Magnetico","Amarelo","Amarelo Magnetico Humano","","","","","","","","","SOURCE-004;SOURCE-007","2","A2","externally_validated","TRANSLATION_DIFFERENCE","Two accepted Dreamspell calculators agree on Kin, seal, tone and color. English names were normalized to the Drive Astral Portuguese convention. Unconfirmed derived fields remain null."
"CASE-091","leap_day_neighborhood","1988-02-28","","","251","11","Macaco","4","Autoexistente","Azul","Azul Autoexistente Macaco","","","","","","calculado","","","SOURCE-004;SOURCE-007","2","A1","externally_validated","TRANSLATION_DIFFERENCE","Two independent Dreamspell calculators agree on Kin, seal, tone and color. English names were normalized to the project's Portuguese vocabulary."
"CASE-092","leap_day_neighborhood","1988-02-29","","","","","","","","","","","","","","","","","","SOURCE-001;SOURCE-004;SOURCE-007","3","A1","source_conflict","SOURCE_CONFLICT","Official methodology defines 0.0 Hunab Ku with no ordinary Kin; public calculators expose a repeated/substituted neighboring Kin. Expected remains empty."
"CASE-093","leap_day_neighborhood","1988-03-01","","","252","12","Humano","5","Entonado","Amarelo","Amarelo Entonado Humano","","","","","","calculado","","","SOURCE-004;SOURCE-007","2","A1","externally_validated","TRANSLATION_DIFFERENCE","Two independent Dreamspell calculators agree on Kin, seal, tone and color. English names were normalized to the project's Portuguese vocabulary."
"CASE-094","leap_day_neighborhood","2024-02-28","","","131","11","Macaco","1","Magnetico","Azul","Azul Magnetico Macaco","","","","","","calculado","","","SOURCE-004;SOURCE-007","2","A1","externally_validated","TRANSLATION_DIFFERENCE","Two independent Dreamspell calculators agree on Kin, seal, tone and color. English names were normalized to the project's Portuguese vocabulary."
"CASE-095","leap_day_neighborhood","2024-02-29","","","","","","","","","","","","","","","","","","SOURCE-001;SOURCE-004;SOURCE-007","3","A1","source_conflict","SOURCE_CONFLICT","Official methodology defines 0.0 Hunab Ku with no ordinary Kin; public calculators expose a repeated/substituted neighboring Kin. Expected remains empty."
"CASE-096","leap_day_neighborhood","2024-03-01","","","132","12","Humano","2","Lunar","Amarelo","Amarelo Lunar Humano","","","","","","calculado","","","SOURCE-004;SOURCE-007","2","A1","externally_validated","TRANSLATION_DIFFERENCE","Two independent Dreamspell calculators agree on Kin, seal, tone and color. English names were normalized to the project's Portuguese vocabulary."
"CASE-097","leap_day_neighborhood","2026-02-28","","","81","1","Dragao","3","Eletrico","Vermelho","Vermelho Eletrico Dragao","","","","","","","","","SOURCE-004;SOURCE-007","2","A2","externally_validated","TRANSLATION_DIFFERENCE","Two accepted Dreamspell calculators agree on Kin, seal, tone and color. English names were normalized to the Drive Astral Portuguese convention. Unconfirmed derived fields remain null."
"CASE-098","leap_day_neighborhood","2026-03-01","","","82","2","Vento","4","Autoexistente","Branco","Branco Autoexistente Vento","","","","","","","","","SOURCE-004;SOURCE-007","2","A2","externally_validated","TRANSLATION_DIFFERENCE","Two accepted Dreamspell calculators agree on Kin, seal, tone and color. English names were normalized to the Drive Astral Portuguese convention. Unconfirmed derived fields remain null."
"CASE-099","leap_day_neighborhood","1900-02-28","","","111","11","Macaco","7","Ressonante","Azul","Azul Ressonante Macaco","","","","","","calculado","","","SOURCE-004;SOURCE-007","2","A1","externally_validated","TRANSLATION_DIFFERENCE","Two independent Dreamspell calculators agree on Kin, seal, tone and color. English names were normalized to the project's Portuguese vocabulary."
"CASE-100","leap_day_neighborhood","1900-03-01","","","112","12","Humano","8","Galactico","Amarelo","Amarelo Galactico Humano","","","","","","calculado","","","SOURCE-004;SOURCE-007","2","A1","externally_validated","TRANSLATION_DIFFERENCE","Two independent Dreamspell calculators agree on Kin, seal, tone and color. English names were normalized to the project's Portuguese vocabulary."
"CASE-101","leap_day_neighborhood","2000-02-28","","","211","11","Macaco","3","Eletrico","Azul","Azul Eletrico Macaco","","","","","","calculado","","","SOURCE-004;SOURCE-007","2","A1","externally_validated","TRANSLATION_DIFFERENCE","Two independent Dreamspell calculators agree on Kin, seal, tone and color. English names were normalized to the project's Portuguese vocabulary."
"CASE-102","leap_day_neighborhood","2000-02-29","","","","","","","","","","","","","","","","","","SOURCE-001;SOURCE-004;SOURCE-007","3","A1","source_conflict","SOURCE_CONFLICT","Official methodology defines 0.0 Hunab Ku with no ordinary Kin; public calculators expose a repeated/substituted neighboring Kin. Expected remains empty."
"CASE-103","historical_or_future","1850-01-15","","","17","17","Terra","4","Autoexistente","Vermelho","Vermelho Autoexistente Terra","","","","","","","","","SOURCE-004;SOURCE-007","2","A2","externally_validated","TRANSLATION_DIFFERENCE","Two accepted Dreamspell calculators agree on Kin, seal, tone and color. English names were normalized to the Drive Astral Portuguese convention. Unconfirmed derived fields remain null."
"CASE-104","historical_or_future","1875-07-04","","","212","12","Humano","4","Autoexistente","Amarelo","Amarelo Autoexistente Humano","","","","","","","","","SOURCE-004;SOURCE-007","2","A2","externally_validated","TRANSLATION_DIFFERENCE","Two accepted Dreamspell calculators agree on Kin, seal, tone and color. English names were normalized to the Drive Astral Portuguese convention. Unconfirmed derived fields remain null."
"CASE-105","historical_or_future","1899-12-30","","","51","11","Macaco","12","Cristal","Azul","Azul Cristal Macaco","","","","","","","","","SOURCE-004;SOURCE-007","2","A2","externally_validated","TRANSLATION_DIFFERENCE","Two accepted Dreamspell calculators agree on Kin, seal, tone and color. English names were normalized to the Drive Astral Portuguese convention. Unconfirmed derived fields remain null."
"CASE-106","historical_or_future","2000-03-01","","","212","12","Humano","4","Autoexistente","Amarelo","Amarelo Autoexistente Humano","","","","","","calculado","","","SOURCE-004;SOURCE-007","2","A1","externally_validated","TRANSLATION_DIFFERENCE","Two independent Dreamspell calculators agree on Kin, seal, tone and color. English names were normalized to the project's Portuguese vocabulary."
"CASE-107","historical_or_future","2050-07-26","","","149","9","Lua","6","Ritmico","Vermelho","Vermelho Ritmico Lua","","","","","","","","","SOURCE-004;SOURCE-007","2","A2","externally_validated","TRANSLATION_DIFFERENCE","Two accepted Dreamspell calculators agree on Kin, seal, tone and color. English names were normalized to the Drive Astral Portuguese convention. Unconfirmed derived fields remain null."
"CASE-108","historical_or_future","2099-12-30","","","251","11","Macaco","4","Autoexistente","Azul","Azul Autoexistente Macaco","","","","","","","","","SOURCE-004;SOURCE-007","2","A2","externally_validated","TRANSLATION_DIFFERENCE","Two accepted Dreamspell calculators agree on Kin, seal, tone and color. English names were normalized to the Drive Astral Portuguese convention. Unconfirmed derived fields remain null."
"CASE-109","historical_or_future","2100-02-28","","","51","11","Macaco","12","Cristal","Azul","Azul Cristal Macaco","","","","","","calculado","","","SOURCE-004;SOURCE-007","2","A1","externally_validated","TRANSLATION_DIFFERENCE","Two independent Dreamspell calculators agree on Kin, seal, tone and color. English names were normalized to the project's Portuguese vocabulary."
"CASE-110","historical_or_future","2100-03-01","","","52","12","Humano","13","Cosmico","Amarelo","Amarelo Cosmico Humano","","","","","","calculado","","","SOURCE-004;SOURCE-007","2","A1","externally_validated","TRANSLATION_DIFFERENCE","Two independent Dreamspell calculators agree on Kin, seal, tone and color. English names were normalized to the project's Portuguese vocabulary."
"CASE-111","current_app_case","1987-07-25","","","33","13","Caminhante do Ceu","7","Ressonante","Vermelho","Vermelho Ressonante Caminhante do Ceu","","","","","","calculado","","","SOURCE-004;SOURCE-007","2","A1","externally_validated","TRANSLATION_DIFFERENCE","Two independent Dreamspell calculators agree on Kin, seal, tone and color. English names were normalized to the project's Portuguese vocabulary."
"CASE-112","current_app_case","1987-07-26","","","34","14","Mago","8","Galactico","Branco","Branco Galactico Mago","","","","","","calculado","","","SOURCE-004;SOURCE-007","2","A1","externally_validated","TRANSLATION_DIFFERENCE","Two independent Dreamspell calculators agree on Kin, seal, tone and color. English names were normalized to the project's Portuguese vocabulary."
"CASE-113","current_app_case","1987-07-27","","","35","15","Aguia","9","Solar","Azul","Azul Solar Aguia","","","","","","calculado","","","SOURCE-004;SOURCE-007","2","A1","externally_validated","TRANSLATION_DIFFERENCE","Two independent Dreamspell calculators agree on Kin, seal, tone and color. English names were normalized to the project's Portuguese vocabulary."
"CASE-114","current_app_case","1996-06-25","","","168","8","Estrela","12","Cristal","Amarelo","Amarelo Cristal Estrela","","","","","","calculado","","","SOURCE-004;SOURCE-007","2","A1","externally_validated","TRANSLATION_DIFFERENCE","Two independent Dreamspell calculators agree on Kin, seal, tone and color. English names were normalized to the project's Portuguese vocabulary."
"CASE-115","current_app_case","2026-06-05","","","178","18","Espelho","9","Solar","Branco","Branco Solar Espelho","","","","","","calculado","","","SOURCE-004;SOURCE-007","2","A1","externally_validated","TRANSLATION_DIFFERENCE","Two independent Dreamspell calculators agree on Kin, seal, tone and color. English names were normalized to the project's Portuguese vocabulary."
"CASE-116","invalid_input","INVALID","","","","","","","","","","","","","","","","","","","0","A2","pending_external_input_contract","PENDING_VALIDATION","The accepted calculators use separate day/month/year controls and do not expose the same raw YYYY-MM-DD string contract. Expected remains empty rather than being inferred from the Drive Astral motor."
"CASE-117","invalid_input","2026-13-01","","","","","","","","","","","","","","","","","","","0","A2","pending_external_input_contract","PENDING_VALIDATION","The accepted calculators use separate day/month/year controls and do not expose the same raw YYYY-MM-DD string contract. Expected remains empty rather than being inferred from the Drive Astral motor."
"CASE-118","invalid_input","2026-02-30","","","","","","","","","","","","","","","invalido","INVALID_DATE","DATE_INVALID","SOURCE-004;SOURCE-008","2","A1","externally_validated_invalid_input","","Two independent Gregorian validators reject the impossible date. SOURCE-008 is used only for input validity."
"CASE-119","invalid_input","2026-00-10","","","","","","","","","","","","","","","","","","","0","A2","pending_external_input_contract","PENDING_VALIDATION","The accepted calculators use separate day/month/year controls and do not expose the same raw YYYY-MM-DD string contract. Expected remains empty rather than being inferred from the Drive Astral motor."
"CASE-120","invalid_input","not-a-date","","","","","","","","","","","","","","","","","","","0","A2","pending_external_input_contract","PENDING_VALIDATION","The accepted calculators use separate day/month/year controls and do not expose the same raw YYYY-MM-DD string contract. Expected remains empty rather than being inferred from the Drive Astral motor."
